<?xml version="1.0" encoding="UTF-8"?>
<rules
    xmlns="http://namespaces.plone.org/diazo"
    xmlns:css="http://namespaces.plone.org/diazo/css"
    xmlns:xsl="http://www.w3.org/1999/XSL/Transform">

    <theme href="index.html" />
    <notheme if-path="presentation_view"/>
    <notheme if-path="source_editor.htm"/>
    <notheme if-path="ploneimage.htm"/>
    <notheme if-path="anchor.htm"/>
    <notheme if-path="table.htm"/><notheme if-path="attributes.htm"/>

    <replace theme="/html/head/title" content="/html/head/title"/>
    <replace theme="/html/head/base" content="/html/head/base" />

    <before content='/html/head' theme='/html/head' />

    <drop attributes="id" css:content="#portal-globalnav"/>
    <drop attributes="id" css:content="#portal-siteactions"/>
    <drop attributes="id" css:content="#siteaction-sitemap"/>
    <drop attributes="id" css:content="#siteaction-accessibility"/>
    <drop attributes="id" css:content="#siteaction-contact"/>
    <drop attributes="id" css:content="#portal-colophon"/>
    <drop attributes="id" css:content="#portal-footer"/>
    <drop attributes="class" css:content=".portletHeader"/>
    <drop attributes="id" css:content="#"/>

    <copy attributes="class" css:content="body" css:theme="body"/>
    <copy attributes="id dir" css:content="body" css:theme="body"/>

    <!-- Logo (link target) -->
    <copy attributes="href title" css:content='#portal-logo' css:theme="#logo h1 a" />

    <prepend content='//*[@id="portal-personaltools"]' theme='//*[@id="header"]' />
    <prepend content='//*[@id="portal-searchbox"]' theme='//*[@id="header"]' />

    <copy content='//*[@id="portal-footer"]' theme='//*[@id="footer"]' />
    <copy content='//*[@id="portal-colophon"]' css:theme='div.column2' />
    <copy content='//*[@id="portal-siteactions"]' css:theme='div.column1' />
    <copy content='//*[@id="portal-globalnav"]' theme='//*[@id="menu"]' />

    <!--  CONTENT -->
    <drop css:theme="#content div"/>
    <before css:theme-children="#page" css:content="#viewlet-above-content"/>
    <before css:theme-children="#page" css:content="#edit-bar"/>
    <append css:theme="#content" css:content-children="#content"/>
    <append css:theme="#content" css:content="#viewlet-below-content"/>

    <!-- SIDE BAR -->
    <drop css:theme="#sidebar ul"/>
    <append css:content="#portal-column-one .portletWrapper" css:theme="#sidebar"/>
    <append css:content="#portal-column-one .managePortletsLink" css:theme="#sidebar"/>
    <append css:content="#portletmanager-plone-leftcolumn" css:theme="#sidebar"/>
    <append css:content="#portlet-prefs" css:theme="#sidebar"/>

    <drop css:content=".portletTopLeft" />
    <drop css:content=".portletTopRight" />

    <rules css:if-content="body.template-search,body.template-search_form,body.template-overview-controlpanel">
    </rules>

</rules>
